cve_id,cwe_ids,confidence_score,value_tool_count,func_tool_count,caller_tool_count,query_tool_count,code_tool_count,cwe_roots
CVE-2014-6041,CWE-264,1.0,1,6,0,0,0,[['Unknown']]
CVE-2015-6575,CWE-189,0.95,0,0,0,0,3,[['Unknown']]
CVE-2017-13194,CWE-20,0.95,6,0,2,0,1,[['CWE-707']]
CVE-2017-0635,CWE-476,0.95,0,5,0,0,2,"[['CWE-703', 'CWE-710']]"
CVE-2016-2413,CWE-264,0.95,0,0,0,0,0,[['Unknown']]
CVE-2016-3886,CWE-264,0.95,0,3,1,0,0,[['Unknown']]
CVE-2023-40088,CWE-416,0.95,0,0,0,0,1,[['CWE-664']]
CVE-2016-3918,CWE-200,0.95,0,0,0,0,0,[['CWE-664']]
CVE-2016-2452,CWE-264,0.95,3,1,0,0,0,[['Unknown']]
CVE-2017-13200,CWE-200,0.95,2,0,0,0,0,[['CWE-664']]
CVE-2016-2425,CWE-200,0.95,0,1,1,0,0,[['CWE-664']]
CVE-2017-13190,CWE-770,0.95,8,1,1,0,0,[['CWE-664']]
CVE-2016-3823,"CWE-119, CWE-200",0.95,2,2,0,0,11,"[['CWE-664'], ['CWE-664']]"
CVE-2016-3924,CWE-200,0.95,6,0,6,0,0,[['CWE-664']]
CVE-2015-1297,CWE-254,0.9,1,2,0,0,2,[['Unknown']]
CVE-2016-3875,CWE-264,0.95,1,0,1,0,0,[['Unknown']]
CVE-2016-0824,"CWE-254, CWE-200",0.95,1,0,2,0,0,"[['Unknown'], ['CWE-664']]"
CVE-2017-13189,CWE-770,0.95,2,2,0,0,0,[['CWE-664']]
CVE-2023-35684,CWE-787,0.95,4,0,0,0,0,[['CWE-664']]
CVE-2014-3189,CWE-264,0.95,0,5,1,0,2,[['Unknown']]
CVE-2016-3872,CWE-119,0.95,0,1,0,0,0,[['CWE-664']]
CVE-2016-5159,CWE-190,0.95,16,1,2,0,0,[['CWE-682']]
CVE-2016-0808,CWE-19,0.95,0,0,0,0,1,[['Unknown']]
CVE-2015-5380,CWE-119,0.95,0,0,0,0,0,[['CWE-664']]
CVE-2016-3921,CWE-264,0.95,0,1,0,0,0,[['Unknown']]
CVE-2015-3843,CWE-264,0.95,1,0,0,0,0,[['Unknown']]
CVE-2016-2481,CWE-119,0.95,3,1,0,0,0,[['CWE-664']]
CVE-2016-3863,CWE-284,0.95,0,3,0,0,0,[['CWE-284']]
CVE-2016-3887,CWE-264,0.95,0,1,0,0,0,[['Unknown']]
CVE-2016-6706,CWE-264,0.95,2,0,2,0,0,[['Unknown']]
CVE-2016-2439,CWE-119,0.95,4,0,2,0,0,[['CWE-664']]
CVE-2016-3754,"CWE-399, CWE-20",0.95,3,1,0,1,1,"[['Unknown'], ['CWE-707']]"
CVE-2023-40090,CWE-203,0.95,0,0,0,0,0,[['CWE-664']]
CVE-2017-0809,CWE-119,0.95,2,1,1,0,0,[['CWE-664']]
CVE-2017-0384,"CWE-Other, CWE-200",0.95,1,0,2,0,0,"[['Unknown'], ['CWE-664']]"
CVE-2016-3759,CWE-200,0.95,2,1,0,0,0,[['CWE-664']]
CVE-2015-6756,CWE-Other,0.95,0,4,0,0,0,[['Unknown']]
CVE-2023-40131,CWE-416,1.0,0,1,0,0,0,[['CWE-664']]
CVE-2017-0588,CWE-119,0.95,2,1,0,0,0,[['CWE-664']]
CVE-2018-9498,"CWE-190, CWE-787",0.95,0,1,0,0,0,"[['CWE-682'], ['CWE-664']]"
CVE-2018-9476,CWE-416,0.95,3,1,2,0,0,[['CWE-664']]
CVE-2016-0842,CWE-119,0.9,8,0,0,0,0,[['CWE-664']]
CVE-2017-0547,CWE-200,0.95,2,1,0,0,0,[['CWE-664']]
CVE-2016-3914,CWE-362,0.95,0,1,0,0,0,[['CWE-691']]
CVE-2016-3880,CWE-284,0.95,3,0,3,0,1,[['CWE-284']]
CVE-2014-7915,CWE-189,0.95,3,0,0,0,0,[['Unknown']]
CVE-2011-3881,CWE-79,0.95,0,3,1,0,2,[['CWE-707']]
CVE-2023-40128,CWE-787,0.95,0,1,0,0,0,[['CWE-664']]
CVE-2012-0879,CWE-400,0.85,0,0,0,0,0,[['CWE-664']]
CVE-2014-5354,CWE-Other,0.95,2,2,1,0,1,[['Unknown']]
CVE-2015-8338,CWE-254,0.92,2,0,0,0,4,[['Unknown']]
CVE-2017-14646,CWE-125,0.85,0,1,0,0,0,[['CWE-664']]
CVE-2017-15129,CWE-362,1.0,0,0,0,0,0,[['CWE-691']]
CVE-2018-1066,CWE-476,0.95,1,1,0,0,0,"[['CWE-703', 'CWE-710']]"
CVE-2012-2384,CWE-189,0.95,0,0,0,0,0,[['Unknown']]
CVE-2019-12818,CWE-476,0.95,0,0,0,0,0,"[['CWE-703', 'CWE-710']]"
CVE-2022-27418,CWE-787,0.95,0,0,0,0,0,[['CWE-664']]
CVE-2011-3619,CWE-20,0.95,0,0,0,0,0,[['CWE-707']]
CVE-2013-7026,CWE-362,1.0,0,0,0,0,0,[['CWE-691']]
CVE-2019-20163,"CWE-416, CWE-476",0.95,1,0,2,0,0,"[['CWE-664'], ['CWE-703', 'CWE-710']]"
CVE-2022-31031,CWE-120,0.95,2,0,0,0,0,[['CWE-664']]
CVE-2018-18397,CWE-863,0.75,0,0,0,0,0,[['CWE-284']]
CVE-2013-2141,CWE-399,0.95,0,0,0,0,0,[['Unknown']]
CVE-2018-8897,CWE-362,0.75,2,0,0,0,2,[['CWE-691']]
CVE-2020-36766,CWE-Other,0.75,0,0,0,0,1,[['Unknown']]
CVE-2011-3353,CWE-120,1.0,0,1,2,0,1,[['CWE-664']]
CVE-2017-6874,"CWE-362, CWE-416",0.85,0,0,0,0,0,"[['CWE-691'], ['CWE-664']]"
CVE-2023-38905,CWE-89,0.95,0,0,1,0,0,[['CWE-707']]
CVE-2023-51042,CWE-416,0.95,0,0,0,0,1,[['CWE-664']]
CVE-2019-9213,CWE-476,0.75,0,0,0,0,0,"[['CWE-703', 'CWE-710']]"
CVE-2021-33909,"CWE-190, CWE-787",0.95,1,0,1,0,0,"[['CWE-682'], ['CWE-664']]"
CVE-2012-2119,CWE-119,0.98,0,0,0,0,0,[['CWE-664']]
CVE-2017-17563,CWE-119,0.75,0,2,0,0,1,[['CWE-664']]
CVE-2021-32792,CWE-79,0.95,1,4,1,0,0,[['CWE-707']]
CVE-2022-23620,CWE-116,0.98,0,2,1,0,1,[['CWE-707']]
CVE-2018-1318,CWE-20,0.85,2,1,0,0,1,[['CWE-707']]
CVE-2019-20454,CWE-125,0.75,0,1,0,0,2,[['CWE-664']]
CVE-2016-6136,CWE-362,0.9,0,0,0,0,0,[['CWE-691']]
CVE-2019-12298,CWE-787,0.85,3,0,0,0,2,[['CWE-664']]
CVE-2021-21245,CWE-434,0.75,0,1,0,0,1,[['CWE-664']]
CVE-2022-1942,CWE-122,0.95,0,3,0,0,0,[['CWE-664']]
CVE-2020-26572,CWE-787,0.8,2,1,0,0,1,[['CWE-664']]
CVE-2018-7186,CWE-787,0.95,1,0,0,0,2,[['CWE-664']]
CVE-2011-2699,CWE-Other,0.95,0,0,0,0,0,[['Unknown']]
CVE-2013-0914,CWE-264,0.85,0,0,0,0,1,[['Unknown']]
CVE-2023-49208,CWE-120,0.95,2,0,0,0,0,[['CWE-664']]
CVE-2016-8658,CWE-119,0.95,2,1,0,0,1,[['CWE-664']]
CVE-2011-2707,CWE-200,0.95,0,0,1,0,0,[['CWE-664']]
CVE-2016-4539,CWE-119,0.95,0,0,0,0,0,[['CWE-664']]
CVE-2018-20743,CWE-20,0.75,0,0,0,0,2,[['CWE-707']]
CVE-2012-2121,CWE-264,0.75,2,1,1,0,0,[['Unknown']]
CVE-2023-20588,CWE-369,0.95,0,0,0,0,2,[['CWE-682']]
CVE-2023-50255,"CWE-26, CWE-22, CWE-23",0.85,0,0,0,0,0,"[['CWE-664'], ['CWE-664'], ['CWE-664']]"
CVE-2013-3226,CWE-200,0.95,0,2,0,0,1,[['CWE-664']]
CVE-2016-6197,CWE-20,0.9,2,2,0,0,9,[['CWE-707']]
CVE-2015-8964,CWE-200,0.95,1,0,0,0,0,[['CWE-664']]
CVE-2022-23618,CWE-601,0.9,0,1,1,0,2,[['CWE-664']]
CVE-2011-5327,CWE-119,0.85,0,0,0,0,1,[['CWE-664']]
CVE-2023-25826,CWE-78,0.95,0,3,0,0,0,[['CWE-707']]
CVE-2021-32634,CWE-502,0.98,0,0,0,0,0,[['CWE-664']]
CVE-2014-3124,CWE-264,0.75,4,0,0,0,1,[['Unknown']]
CVE-2017-15265,"CWE-362, CWE-416",0.95,0,1,0,0,0,"[['CWE-691'], ['CWE-664']]"
CVE-2022-3586,CWE-416,0.9,0,0,0,0,0,[['CWE-664']]
CVE-2015-8104,CWE-399,0.85,1,0,0,0,0,[['Unknown']]
CVE-2017-8924,CWE-191,0.85,0,0,0,0,3,[['CWE-682']]
CVE-2020-7105,CWE-476,0.8,0,3,0,0,0,"[['CWE-703', 'CWE-710']]"
CVE-2022-4454,CWE-89,0.75,1,0,0,0,0,[['CWE-707']]
CVE-2022-4903,CWE-668,0.75,0,5,0,0,0,[['CWE-664']]
CVE-2016-4581,CWE-Other,0.85,2,1,0,0,0,[['Unknown']]
CVE-2016-8339,CWE-787,0.9,1,0,0,0,1,[['CWE-664']]
CVE-2016-3698,CWE-284,0.98,0,1,1,0,3,[['CWE-284']]
CVE-2016-4486,CWE-200,0.85,0,0,1,0,0,[['CWE-664']]
CVE-2022-39308,CWE-697,0.92,0,1,1,1,1,[['CWE-697']]
CVE-2018-1091,CWE-119,0.85,0,0,0,0,0,[['CWE-664']]
CVE-2018-20511,CWE-200,0.85,0,0,0,0,1,[['CWE-664']]
CVE-2022-45283,CWE-787,0.95,1,0,3,0,0,[['CWE-664']]
CVE-2009-5147,CWE-20,0.95,1,0,0,0,0,[['CWE-707']]
CVE-2013-1819,CWE-20,0.75,0,0,0,0,0,[['CWE-707']]
CVE-2016-3138,CWE-Other,0.85,0,0,0,0,0,[['Unknown']]
CVE-2017-6889,"CWE-119, CWE-190",0.85,0,0,0,0,1,"[['CWE-664'], ['CWE-682']]"
CVE-2019-18408,CWE-416,0.85,1,5,0,0,3,[['CWE-664']]
CVE-2016-6515,CWE-20,0.85,0,1,1,0,1,[['CWE-707']]
CVE-2021-33430,CWE-120,0.85,1,0,0,0,1,[['CWE-664']]
CVE-2016-2384,CWE-Other,0.75,0,2,0,0,1,[['Unknown']]
CVE-2017-10663,CWE-129,0.75,4,1,0,0,0,[['CWE-707']]
CVE-2024-23679,CWE-384,0.9,0,0,1,0,3,[['CWE-664']]
CVE-2013-1796,CWE-119,0.85,0,0,0,0,1,[['CWE-664']]
CVE-2012-6549,CWE-200,0.95,1,0,0,0,0,[['CWE-664']]
CVE-2017-7890,CWE-200,0.85,2,2,0,0,5,[['CWE-664']]
CVE-2012-0038,CWE-190,0.85,0,0,0,0,0,[['CWE-682']]
CVE-2016-8636,CWE-190,0.95,2,0,1,0,0,[['CWE-682']]
CVE-2020-1911,CWE-843,0.95,0,2,0,0,2,[['CWE-664']]
CVE-2019-11815,"CWE-362, CWE-416",0.95,1,1,0,0,0,"[['CWE-691'], ['CWE-664']]"
CVE-2014-9803,CWE-19,0.9,0,0,0,0,2,[['Unknown']]
CVE-2017-16939,CWE-416,0.85,0,0,0,0,0,[['CWE-664']]
CVE-2012-0045,CWE-Other,0.9,0,0,0,0,1,[['Unknown']]
CVE-2012-6543,CWE-200,0.8,0,0,0,0,0,[['CWE-664']]
CVE-2020-36640,CWE-611,0.9,0,0,0,0,0,[['CWE-664']]
CVE-2024-0607,CWE-229,1.0,0,0,0,0,0,"[['CWE-703', 'CWE-707']]"
CVE-2021-42553,CWE-120,0.9,0,0,0,0,1,[['CWE-664']]
CVE-2013-5634,CWE-399,0.85,1,0,0,0,0,[['Unknown']]
CVE-2019-25058,CWE-863,0.95,0,0,4,0,0,[['CWE-284']]
CVE-2017-17862,CWE-20,0.85,1,0,0,0,0,[['CWE-707']]
CVE-2019-25052,CWE-327,0.95,0,2,1,0,1,[['CWE-693']]
CVE-2024-22365,CWE-Other,0.85,0,0,1,0,0,[['Unknown']]
CVE-2021-21280,CWE-787,0.85,4,0,0,0,3,[['CWE-664']]
CVE-2014-7202,CWE-Other,0.98,0,2,0,0,0,[['Unknown']]
CVE-2013-4511,"CWE-119, CWE-189",0.75,0,0,0,0,1,"[['CWE-664'], ['Unknown']]"
CVE-2021-45293,CWE-119,0.98,1,1,1,0,1,[['CWE-664']]
CVE-2023-3423,CWE-521,0.95,0,2,0,0,0,[['CWE-284']]
CVE-2013-4588,CWE-119,0.92,2,0,0,0,1,[['CWE-664']]
CVE-2014-6410,CWE-399,0.95,0,0,1,0,0,[['Unknown']]
CVE-2012-6647,CWE-20,0.85,0,0,0,0,0,[['CWE-707']]
CVE-2013-1956,CWE-264,0.75,0,0,0,0,1,[['Unknown']]
CVE-2013-0313,CWE-Other,1.0,0,0,0,0,0,[['Unknown']]
CVE-2020-10378,CWE-125,0.75,1,0,0,0,0,[['CWE-664']]
CVE-2013-10013,CWE-89,0.85,2,0,0,0,0,[['CWE-707']]
CVE-2018-19107,"CWE-835, CWE-190, CWE-125",0.9,2,1,0,0,0,"[['CWE-691'], ['CWE-682'], ['CWE-664']]"
CVE-2013-3232,CWE-200,0.95,0,0,0,0,1,[['CWE-664']]
CVE-2015-8970,CWE-476,0.9,0,0,0,0,1,"[['CWE-703', 'CWE-710']]"
CVE-2022-42332,CWE-416,0.75,0,0,1,0,0,[['CWE-664']]
CVE-2018-14337,CWE-190,0.98,0,0,0,0,0,[['CWE-682']]
CVE-2012-6539,CWE-200,0.75,0,0,0,0,1,[['CWE-664']]
CVE-2018-20169,CWE-400,0.85,0,0,0,0,0,[['CWE-664']]
CVE-2018-25097,CWE-79,0.9,3,9,0,0,0,[['CWE-707']]
CVE-2014-9903,CWE-200,0.75,0,0,0,0,2,[['CWE-664']]
CVE-2018-16149,CWE-347,0.75,1,2,0,0,0,[['CWE-693']]
CVE-2017-15868,CWE-20,0.85,0,0,1,0,1,[['CWE-707']]
CVE-2018-18021,CWE-20,0.95,0,1,1,0,1,[['CWE-707']]
CVE-2022-1031,CWE-416,0.75,1,1,0,0,1,[['CWE-664']]
CVE-2023-25221,CWE-787,0.85,3,1,0,0,2,[['CWE-664']]
CVE-2015-4002,CWE-119,1.0,0,0,1,0,2,[['CWE-664']]
CVE-2012-6544,CWE-200,0.85,0,0,0,0,0,[['CWE-664']]
CVE-2016-6213,CWE-400,0.95,0,0,0,0,1,[['CWE-664']]
CVE-2017-8065,CWE-119,0.95,1,0,0,0,0,[['CWE-664']]
CVE-2016-5104,CWE-284,0.8,0,0,8,0,0,[['CWE-284']]
CVE-2020-29050,CWE-22,0.95,2,0,1,0,0,[['CWE-664']]
CVE-2017-17857,CWE-119,0.92,0,1,1,0,1,[['CWE-664']]
CVE-2016-3955,CWE-119,0.85,1,0,0,0,0,[['CWE-664']]
CVE-2007-6762,CWE-119,0.95,0,0,0,0,0,[['CWE-664']]
CVE-2022-26363,CWE-Other,0.95,6,0,4,0,0,[['Unknown']]
CVE-2013-6383,CWE-264,0.95,0,1,0,0,0,[['Unknown']]
CVE-2020-11068,CWE-120,0.85,1,0,3,0,1,[['CWE-664']]
CVE-2011-1479,CWE-399,0.95,0,0,0,0,0,[['Unknown']]
CVE-2013-6367,CWE-189,0.9,2,0,0,0,1,[['Unknown']]
CVE-2016-3135,CWE-189,0.75,0,1,0,0,0,[['Unknown']]
CVE-2022-4727,CWE-79,0.92,0,0,0,0,1,[['CWE-707']]
CVE-2021-44994,CWE-617,0.85,0,0,0,0,0,[['CWE-691']]
CVE-2022-3969,CWE-377,0.9,0,2,2,0,0,[['CWE-664']]
CVE-2020-36691,CWE-674,0.95,0,0,1,0,0,[['CWE-691']]
CVE-2021-32762,"CWE-190, CWE-680",0.75,1,0,0,0,1,"[['CWE-682'], ['CWE-682']]"
CVE-2017-6194,CWE-119,0.95,0,0,0,0,1,[['CWE-664']]
CVE-2014-8884,CWE-119,0.85,0,0,0,0,1,[['CWE-664']]
CVE-2022-45909,CWE-125,0.75,0,1,1,0,0,[['CWE-664']]
CVE-2016-6351,CWE-Other,1.0,0,0,0,0,0,[['Unknown']]
CVE-2021-33304,CWE-415,0.95,0,2,0,0,0,"[['CWE-710', 'CWE-664']]"
CVE-2022-39208,CWE-552,0.9,0,0,0,0,1,"[['CWE-284', 'CWE-664']]"
CVE-2022-40307,CWE-362,0.85,0,1,0,0,0,[['CWE-691']]
CVE-2014-1445,CWE-399,0.95,1,0,0,0,1,[['Unknown']]
CVE-2019-11040,CWE-125,0.95,0,2,0,0,0,[['CWE-664']]
CVE-2015-3329,CWE-119,0.95,2,0,1,0,0,[['CWE-664']]
CVE-2018-16541,CWE-416,0.95,0,1,0,0,0,[['CWE-664']]
CVE-2016-3695,CWE-74,0.92,0,0,1,0,0,[['CWE-707']]
CVE-2020-12607,CWE-347,0.98,0,0,0,0,4,[['CWE-693']]
CVE-2022-40299,CWE-330,0.75,3,0,1,0,0,[['CWE-693']]
CVE-2019-16714,CWE-909,1.0,0,0,0,0,0,[['CWE-664']]
CVE-2018-20836,"CWE-362, CWE-416",0.85,0,0,0,0,1,"[['CWE-691'], ['CWE-664']]"
CVE-2022-36042,CWE-787,0.75,0,0,0,0,3,[['CWE-664']]
CVE-2015-7971,CWE-19,0.95,1,1,0,0,1,[['Unknown']]
CVE-2020-15206,CWE-20,0.75,0,0,0,4,0,[['CWE-707']]
CVE-2015-3885,CWE-189,0.95,0,0,0,0,2,[['Unknown']]
CVE-2013-4591,CWE-119,0.85,2,0,0,0,0,[['CWE-664']]
CVE-2021-21300,CWE-59,0.85,0,1,0,0,1,[['CWE-664']]
CVE-2014-1710,CWE-119,0.95,0,3,0,0,1,[['CWE-664']]
CVE-2022-0173,"CWE-416, CWE-125",0.85,0,1,0,0,1,"[['CWE-664'], ['CWE-664']]"
CVE-2015-8539,CWE-269,0.85,0,0,0,0,1,[['CWE-284']]
CVE-2022-23615,CWE-863,0.95,0,2,1,0,0,[['CWE-284']]
CVE-2016-10150,"CWE-264, CWE-416",0.9,0,0,0,0,0,"[['Unknown'], ['CWE-664']]"
CVE-2023-34601,CWE-89,0.8,0,0,0,0,1,[['CWE-707']]
CVE-2017-17085,CWE-754,0.9,1,0,0,0,2,[['CWE-703']]
CVE-2021-3674,CWE-125,0.85,1,1,0,0,1,[['CWE-664']]
CVE-2015-8630,CWE-Other,0.9,1,0,0,0,1,[['Unknown']]
CVE-2018-15531,CWE-611,0.95,1,2,2,0,0,[['CWE-664']]
CVE-2018-11697,CWE-125,0.95,3,15,2,0,1,[['CWE-664']]
CVE-2014-0206,CWE-Other,0.9,1,0,0,0,1,[['Unknown']]
CVE-2015-5697,CWE-200,0.95,0,0,1,0,0,[['CWE-664']]
CVE-2016-7155,CWE-Other,0.85,0,0,0,0,1,[['Unknown']]
CVE-2015-2150,CWE-264,0.75,0,0,0,0,1,[['Unknown']]
CVE-2022-31307,CWE-416,0.9,0,0,0,0,0,[['CWE-664']]
CVE-2016-4074,CWE-770,1.0,0,1,0,0,4,[['CWE-664']]
CVE-2019-14816,CWE-122,0.92,1,0,0,0,2,[['CWE-664']]
CVE-2018-14015,CWE-119,0.75,0,0,0,0,0,[['CWE-664']]
CVE-2014-3182,CWE-119,0.85,0,0,0,0,0,[['CWE-664']]
CVE-2017-9780,CWE-732,0.75,0,0,0,0,0,"[['CWE-284', 'CWE-664']]"
CVE-2013-2146,CWE-20,0.85,0,0,0,0,1,[['CWE-707']]
CVE-2014-5120,CWE-20,0.95,0,0,1,0,0,[['CWE-707']]
CVE-2017-0152,CWE-119,0.75,0,0,0,0,0,[['CWE-664']]
CVE-2018-8809,CWE-125,0.85,0,2,0,0,3,[['CWE-664']]
CVE-2022-1263,CWE-476,0.95,0,0,0,0,0,"[['CWE-703', 'CWE-710']]"
CVE-2021-37685,CWE-125,1.0,0,1,1,0,0,[['CWE-664']]
CVE-2011-4594,CWE-476,0.95,1,2,0,0,0,"[['CWE-703', 'CWE-710']]"
CVE-2021-43267,CWE-1284,0.95,0,2,0,0,1,[['CWE-707']]
CVE-2018-0500,CWE-787,0.98,0,1,1,0,1,[['CWE-664']]
CVE-2022-24913,CWE-668,0.95,0,0,1,0,1,[['CWE-664']]
CVE-2018-11376,CWE-125,0.85,0,0,0,0,1,[['CWE-664']]
CVE-2017-5601,CWE-125,0.85,5,3,3,0,1,[['CWE-664']]
CVE-2019-5736,CWE-78,0.95,0,1,0,0,2,[['CWE-707']]
CVE-2014-7930,CWE-Other,0.98,2,1,0,0,1,[['Unknown']]
CVE-2019-11833,CWE-908,0.8,0,0,1,0,0,[['CWE-664']]
CVE-2014-5353,CWE-476,0.9,0,0,0,0,1,"[['CWE-703', 'CWE-710']]"
CVE-2014-2599,CWE-20,0.85,0,0,0,0,6,[['CWE-707']]
CVE-2017-18017,CWE-416,0.95,0,0,0,0,0,[['CWE-664']]
CVE-2016-9962,CWE-362,0.75,0,1,0,0,0,[['CWE-691']]
CVE-2017-17784,CWE-125,0.95,7,0,0,0,1,[['CWE-664']]
CVE-2018-15473,CWE-362,0.95,0,0,0,0,0,[['CWE-691']]
CVE-2017-1000487,CWE-78,0.75,0,5,0,0,1,[['CWE-707']]
CVE-2011-4604,CWE-119,0.8,2,0,1,0,0,[['CWE-664']]
CVE-2014-125106,CWE-787,0.9,0,3,0,0,1,[['CWE-664']]
CVE-2022-40363,CWE-787,1.0,0,0,0,0,1,[['CWE-664']]
CVE-2022-27666,CWE-787,0.85,0,0,0,0,2,[['CWE-664']]
CVE-2017-9150,CWE-200,0.95,2,0,0,0,0,[['CWE-664']]
CVE-2023-2019,CWE-911,0.75,0,0,0,0,2,[['CWE-664']]
CVE-2011-0006,CWE-264,0.85,0,1,0,0,0,[['Unknown']]
CVE-2014-7840,CWE-20,0.95,1,0,1,0,0,[['CWE-707']]
CVE-2014-9922,CWE-264,0.95,0,0,0,0,0,[['Unknown']]
CVE-2023-4255,"CWE-787, CWE-125",0.9,0,0,0,0,8,"[['CWE-664'], ['CWE-664']]"
CVE-2014-0049,CWE-120,0.85,0,1,0,0,1,[['CWE-664']]
CVE-2023-33974,CWE-362,0.75,0,0,0,0,0,[['CWE-691']]
CVE-2021-41189,CWE-863,0.75,0,0,0,0,3,[['CWE-284']]
CVE-2021-45258,CWE-787,1.0,0,0,0,0,0,[['CWE-664']]
CVE-2015-1333,CWE-119,0.95,0,1,0,0,1,[['CWE-664']]
CVE-2020-11002,CWE-74,0.95,0,1,0,0,1,[['CWE-707']]
CVE-2015-1344,CWE-264,0.95,2,0,0,0,0,[['Unknown']]
CVE-2012-6712,CWE-119,0.85,0,1,0,0,0,[['CWE-664']]
CVE-2018-11531,CWE-787,0.75,5,5,0,0,0,[['CWE-664']]
CVE-2022-28388,CWE-415,0.9,0,0,0,0,1,"[['CWE-710', 'CWE-664']]"
CVE-2014-3186,CWE-119,0.85,1,0,0,0,1,[['CWE-664']]
CVE-2019-11930,CWE-763,0.9,0,0,0,0,0,[['CWE-664']]
CVE-2021-22897,CWE-668,0.75,2,0,0,0,0,[['CWE-664']]
CVE-2022-0676,CWE-787,0.9,0,0,0,0,1,[['CWE-664']]
CVE-2022-40757,CWE-119,0.95,0,0,0,0,0,[['CWE-664']]
CVE-2018-19666,CWE-22,0.75,0,0,0,0,0,[['CWE-664']]
CVE-2019-13619,CWE-119,0.85,0,0,0,0,1,[['CWE-664']]
CVE-2022-29777,CWE-787,0.85,2,0,0,0,1,[['CWE-664']]
CVE-2022-35987,CWE-617,0.95,0,0,0,0,1,[['CWE-691']]
CVE-2018-1065,CWE-476,0.85,1,0,0,0,1,"[['CWE-703', 'CWE-710']]"
CVE-2016-7423,CWE-Other,0.95,0,1,0,0,0,[['Unknown']]
CVE-2018-15594,CWE-200,1.0,0,0,0,0,0,[['CWE-664']]
CVE-2013-4270,CWE-20,0.85,1,0,0,0,0,[['CWE-707']]
CVE-2017-7495,CWE-200,0.75,0,1,0,0,0,[['CWE-664']]
CVE-2023-40828,CWE-22,0.85,0,0,4,0,1,[['CWE-664']]
CVE-2021-23792,CWE-611,0.75,0,0,0,0,0,[['CWE-664']]
CVE-2018-25021,CWE-404,0.75,1,1,0,0,1,[['CWE-664']]
CVE-2016-1568,CWE-416,0.95,1,2,0,0,0,[['CWE-664']]
CVE-2021-33624,CWE-843,0.85,0,0,0,0,1,[['CWE-664']]
CVE-2018-20856,CWE-416,0.85,1,0,1,0,0,[['CWE-664']]
CVE-2015-7885,CWE-200,0.95,0,0,0,0,2,[['CWE-664']]
CVE-2012-1179,CWE-264,0.85,0,0,0,0,0,[['Unknown']]
CVE-2020-15208,"CWE-787, CWE-125",1.0,0,1,1,0,0,"[['CWE-664'], ['CWE-664']]"
CVE-2018-12896,CWE-190,0.85,0,1,0,0,2,[['CWE-682']]
CVE-2017-14497,CWE-119,0.9,1,0,0,0,1,[['CWE-664']]
CVE-2013-1416,CWE-476,0.85,0,0,0,0,1,"[['CWE-703', 'CWE-710']]"
CVE-2015-5590,CWE-119,0.75,1,0,1,0,0,[['CWE-664']]
CVE-2016-9793,CWE-119,0.92,0,0,0,0,0,[['CWE-664']]
CVE-2021-21290,"CWE-378, CWE-379",0.95,0,1,1,0,1,"[['CWE-664'], ['CWE-664']]"
CVE-2022-24958,CWE-763,0.75,4,0,0,0,1,[['CWE-664']]
CVE-2013-3225,CWE-200,0.75,0,0,0,0,0,[['CWE-664']]
CVE-2022-27114,CWE-190,0.75,0,0,0,0,1,[['CWE-682']]
CVE-2019-18420,CWE-134,0.85,0,1,0,0,6,[['CWE-664']]
CVE-2015-10076,CWE-89,0.9,2,2,0,0,0,[['CWE-707']]
CVE-2018-1000852,CWE-125,0.95,2,1,0,0,1,[['CWE-664']]
CVE-2016-7466,CWE-772,0.98,3,1,0,0,1,[['CWE-664']]
CVE-2023-29510,CWE-74,0.75,0,0,1,0,0,[['CWE-707']]
CVE-2019-12829,CWE-787,0.85,0,1,0,0,1,[['CWE-664']]
CVE-2011-3188,CWE-Other,0.95,0,0,0,0,0,[['Unknown']]
CVE-2022-2000,CWE-787,0.85,8,0,4,0,0,[['CWE-664']]
CVE-2019-15683,CWE-787,0.9,5,3,0,0,2,[['CWE-664']]
CVE-2018-10528,CWE-787,0.75,0,1,0,0,1,[['CWE-664']]
CVE-2021-29513,"CWE-843, CWE-476",0.95,0,1,1,0,0,"[['CWE-664'], ['CWE-703', 'CWE-710']]"
CVE-2022-23565,CWE-617,0.95,0,0,1,0,0,[['CWE-691']]
CVE-2012-6701,CWE-190,0.95,0,0,0,0,0,[['CWE-682']]
CVE-2021-3878,CWE-611,0.75,0,0,0,0,0,[['CWE-664']]
CVE-2017-9349,CWE-835,0.98,2,1,1,0,1,[['CWE-691']]
CVE-2012-4508,CWE-362,0.75,0,1,0,0,1,[['CWE-691']]
CVE-2011-1493,"CWE-Other, CWE-20",0.85,0,0,1,0,0,"[['Unknown'], ['CWE-707']]"
CVE-2016-6516,"CWE-362, CWE-119",0.95,1,1,0,0,1,"[['CWE-691'], ['CWE-664']]"
CVE-2020-9383,CWE-125,0.85,0,0,0,0,0,[['CWE-664']]
CVE-2020-24994,CWE-770,0.85,1,1,2,0,4,[['CWE-664']]
CVE-2011-2898,CWE-200,0.85,0,2,0,0,1,[['CWE-664']]
CVE-2018-16276,CWE-787,1.0,0,0,0,0,0,[['CWE-664']]
CVE-2018-7333,CWE-835,0.95,1,1,2,0,0,[['CWE-691']]
CVE-2022-1734,CWE-416,1.0,0,0,0,0,0,[['CWE-664']]
CVE-2021-3872,CWE-122,0.75,2,2,0,0,0,[['CWE-664']]
CVE-2020-27672,"CWE-362, CWE-416",0.75,0,3,0,0,1,"[['CWE-691'], ['CWE-664']]"
CVE-2017-13005,CWE-125,0.95,2,1,0,0,0,[['CWE-664']]
CVE-2013-6800,"CWE-Other, CWE-476",0.85,0,0,0,0,0,"[['Unknown'], ['CWE-703', 'CWE-710']]"
CVE-2011-0992,CWE-399,0.85,0,0,0,0,0,[['Unknown']]
CVE-2022-23544,CWE-918,0.75,0,1,0,0,1,[['CWE-664']]
CVE-2019-14934,CWE-787,0.95,0,3,0,0,1,[['CWE-664']]
CVE-2018-15834,CWE-787,0.9,0,0,0,0,0,[['CWE-664']]
CVE-2016-0723,"CWE-362, CWE-200",0.85,1,0,0,1,0,"[['CWE-691'], ['CWE-664']]"
CVE-2016-4485,CWE-200,0.9,1,0,0,1,0,[['CWE-664']]
CVE-2016-7910,CWE-416,1.0,0,0,0,0,0,[['CWE-664']]
CVE-2023-39949,CWE-617,0.9,1,3,0,0,4,[['CWE-691']]
CVE-2016-6258,CWE-284,0.75,0,0,0,0,0,[['CWE-284']]
CVE-2019-1010283,CWE-200,0.8,0,0,0,0,0,[['CWE-664']]
CVE-2020-27678,CWE-120,0.95,0,0,1,0,0,[['CWE-664']]
CVE-2012-0863,CWE-310,0.9,0,0,0,0,4,[['Unknown']]
CVE-2022-0523,CWE-416,0.85,0,0,0,0,0,[['CWE-664']]
CVE-2015-8879,CWE-20,0.85,0,0,0,0,0,[['CWE-707']]
CVE-2020-6018,CWE-787,0.85,2,3,2,0,0,[['CWE-664']]
CVE-2016-6187,"CWE-119, CWE-264",0.85,1,0,0,0,0,"[['CWE-664'], ['Unknown']]"
CVE-2020-36309,CWE-Other,0.9,0,0,2,0,0,[['Unknown']]
CVE-2013-1828,CWE-20,0.85,0,0,0,0,1,[['CWE-707']]
CVE-2017-5550,CWE-200,0.85,0,0,0,0,1,[['CWE-664']]
CVE-2012-4530,CWE-200,0.95,0,0,0,0,0,[['CWE-664']]
CVE-2023-48704,CWE-787,0.95,0,0,0,0,0,[['CWE-664']]
CVE-2023-37277,CWE-352,0.75,0,0,0,0,0,[['CWE-693']]
CVE-2022-1341,CWE-476,0.9,0,0,0,0,0,"[['CWE-703', 'CWE-710']]"
CVE-2016-4997,CWE-264,0.9,0,0,0,0,0,[['Unknown']]
CVE-2022-41909,CWE-476,0.98,0,0,0,0,0,"[['CWE-703', 'CWE-710']]"
CVE-2012-6540,CWE-200,0.95,2,1,0,0,0,[['CWE-664']]
CVE-2014-2065,CWE-79,1.0,1,1,0,0,2,[['CWE-707']]
CVE-2011-3191,CWE-119,0.75,0,0,0,0,0,[['CWE-664']]
CVE-2015-7837,CWE-254,0.9,0,1,0,0,0,[['Unknown']]
CVE-2021-36222,CWE-476,0.95,2,2,0,0,2,"[['CWE-703', 'CWE-710']]"
CVE-2014-5206,CWE-269,0.8,0,0,0,0,1,[['CWE-284']]
CVE-2014-9907,CWE-20,0.95,0,0,0,0,0,[['CWE-707']]
CVE-2021-31406,CWE-203,0.95,1,0,0,0,0,[['CWE-664']]
CVE-2022-45688,CWE-787,0.85,0,0,1,0,1,[['CWE-664']]
CVE-2022-24786,"CWE-787, CWE-125",0.85,0,0,0,0,4,"[['CWE-664'], ['CWE-664']]"
CVE-2022-26126,CWE-119,0.85,2,4,0,1,0,[['CWE-664']]
CVE-2012-0036,CWE-89,0.85,2,0,0,0,3,[['CWE-707']]
CVE-2022-28049,CWE-476,0.9,0,0,0,0,1,"[['CWE-703', 'CWE-710']]"
CVE-2022-34300,CWE-125,0.95,1,0,0,0,0,[['CWE-664']]
CVE-2020-7043,CWE-295,0.75,0,0,0,3,0,[['CWE-284']]
CVE-2023-49286,"CWE-617, CWE-754",0.95,0,0,0,0,0,"[['CWE-691'], ['CWE-703']]"
CVE-2018-20457,CWE-125,0.95,1,0,0,0,0,[['CWE-664']]
CVE-2023-23759,CWE-617,0.85,1,2,0,0,0,[['CWE-691']]
CVE-2016-8645,CWE-284,0.75,1,0,0,0,0,[['CWE-284']]
CVE-2015-5224,CWE-Other,1.0,0,0,0,0,0,[['Unknown']]
CVE-2018-10982,CWE-Other,0.85,4,0,0,0,1,[['Unknown']]
CVE-2014-9420,CWE-399,0.85,0,0,1,0,0,[['Unknown']]
CVE-2016-9120,"CWE-264, CWE-416",1.0,0,0,0,0,0,"[['Unknown'], ['CWE-664']]"
CVE-2020-15908,CWE-22,0.95,0,1,0,0,0,[['CWE-664']]
CVE-2020-11683,CWE-203,0.95,1,1,0,0,1,[['CWE-664']]
CVE-2015-0239,CWE-269,0.95,1,0,0,0,0,[['CWE-284']]
CVE-2022-2874,CWE-476,0.75,3,0,8,0,1,"[['CWE-703', 'CWE-710']]"
CVE-2022-39334,CWE-295,1.0,2,0,0,0,1,[['CWE-284']]
CVE-2023-34462,CWE-400,1.0,1,0,0,0,2,[['CWE-664']]
CVE-2013-6465,CWE-79,0.75,2,5,0,0,0,[['CWE-707']]
CVE-2022-35938,CWE-125,0.95,1,1,0,0,1,[['CWE-664']]
CVE-2022-29181,CWE-241,0.85,0,0,2,0,0,"[['CWE-703', 'CWE-707']]"
CVE-2018-5815,CWE-190,0.95,1,1,0,0,2,[['CWE-682']]
CVE-2023-1264,CWE-476,0.85,1,1,12,0,0,"[['CWE-703', 'CWE-710']]"
CVE-2017-12992,CWE-125,0.85,3,2,2,0,1,[['CWE-664']]
CVE-2023-4733,CWE-416,0.95,1,7,0,1,1,[['CWE-664']]
CVE-2020-7247,"CWE-755, CWE-78",0.9,0,2,0,0,1,"[['CWE-703'], ['CWE-707']]"
CVE-2012-2136,CWE-20,0.75,1,1,2,0,0,[['CWE-707']]
CVE-2018-17456,CWE-88,0.95,0,1,0,0,1,[['CWE-707']]
CVE-2017-14057,CWE-834,0.95,0,3,1,0,0,[['CWE-691']]
CVE-2020-15261,CWE-428,1.0,0,0,0,0,0,[['CWE-664']]
CVE-2022-46449,CWE-787,0.85,0,0,0,0,0,[['CWE-664']]
CVE-2022-25309,CWE-122,1.0,1,0,0,0,1,[['CWE-664']]
CVE-2013-0217,CWE-399,1.0,0,1,0,0,1,[['Unknown']]
CVE-2016-10030,CWE-284,0.75,6,5,0,0,0,[['CWE-284']]
CVE-2015-2697,CWE-125,1.0,1,1,0,0,1,[['CWE-664']]
CVE-2020-26682,CWE-190,0.75,4,1,1,0,0,[['CWE-682']]
CVE-2015-3185,CWE-264,0.95,0,1,1,0,0,[['Unknown']]
CVE-2014-8595,CWE-17,0.75,0,0,1,0,12,[['Unknown']]
CVE-2020-19007,CWE-79,0.75,0,1,0,0,0,[['CWE-707']]
CVE-2013-3231,CWE-200,0.95,0,0,0,0,0,[['CWE-664']]
CVE-2020-14033,CWE-120,0.95,5,0,0,0,0,[['CWE-664']]
CVE-2018-1000618,CWE-674,0.75,1,3,7,1,0,[['CWE-691']]
CVE-2017-17866,CWE-119,0.75,0,1,0,0,0,[['CWE-664']]
CVE-2018-12882,CWE-416,0.95,0,0,0,0,0,[['CWE-664']]
CVE-2021-26197,CWE-754,0.75,0,0,0,0,1,[['CWE-703']]
CVE-2013-1858,CWE-264,0.85,0,0,0,0,1,[['Unknown']]
CVE-2013-7009,CWE-119,0.95,2,0,0,0,0,[['CWE-664']]
CVE-2011-1078,CWE-200,0.9,0,0,0,0,1,[['CWE-664']]
CVE-2024-22211,CWE-190,0.85,0,1,2,0,0,[['CWE-682']]
CVE-2021-41136,CWE-444,0.9,0,0,0,0,2,[['CWE-435']]
CVE-2019-15477,CWE-79,0.85,0,0,0,0,0,[['CWE-707']]
CVE-2019-17343,CWE-667,0.85,0,3,0,0,1,"[['CWE-691', 'CWE-664']]"
CVE-2014-9653,CWE-20,0.95,0,0,0,0,1,[['CWE-707']]
CVE-2022-0559,CWE-416,0.9,1,1,0,0,1,[['CWE-664']]
CVE-2023-3894,CWE-787,0.75,0,0,0,0,0,[['CWE-664']]
CVE-2017-12998,CWE-125,0.95,1,3,2,0,0,[['CWE-664']]
CVE-2017-12895,CWE-125,0.95,2,0,0,0,0,[['CWE-664']]
CVE-2016-6874,CWE-Other,0.75,0,0,1,0,2,[['Unknown']]
CVE-2018-19964,CWE-Other,0.95,0,0,0,0,0,[['Unknown']]
CVE-2018-1000180,CWE-327,0.85,0,4,0,0,1,[['CWE-693']]
CVE-2023-47235,CWE-Other,0.95,0,0,2,0,1,[['Unknown']]
CVE-2013-4623,CWE-20,1.0,0,3,0,0,1,[['CWE-707']]
CVE-2022-4899,CWE-400,0.95,0,0,1,0,0,[['CWE-664']]
CVE-2020-10577,CWE-362,0.95,2,0,0,1,8,[['CWE-691']]
CVE-2022-48257,"CWE-Other, CWE-732",0.75,0,0,0,0,0,"[['Unknown'], ['CWE-284', 'CWE-664']]"
CVE-2016-7094,CWE-119,0.9,1,2,2,0,0,[['CWE-664']]
CVE-2020-27675,"CWE-362, CWE-476, CWE-416",0.85,0,1,0,0,0,"[['CWE-691'], ['CWE-703', 'CWE-710'], ['CWE-664']]"
CVE-2021-22547,CWE-120,0.9,0,0,0,0,0,[['CWE-664']]
CVE-2021-24036,CWE-190,0.8,2,0,2,0,0,[['CWE-682']]
CVE-2016-9118,CWE-119,0.95,0,2,0,0,5,[['CWE-664']]
CVE-2016-8693,CWE-415,0.85,1,1,0,0,0,"[['CWE-710', 'CWE-664']]"
CVE-2021-40562,CWE-697,0.95,3,0,0,0,0,[['CWE-697']]
CVE-2017-16996,CWE-119,0.95,0,0,0,0,1,[['CWE-664']]
CVE-2015-7972,CWE-399,0.85,0,0,0,1,0,[['Unknown']]
CVE-2013-4387,CWE-119,0.95,0,1,0,0,0,[['CWE-664']]
CVE-2018-5344,"CWE-362, CWE-416",0.85,0,0,0,0,0,"[['CWE-691'], ['CWE-664']]"
CVE-2016-10271,CWE-119,0.9,2,1,1,0,0,[['CWE-664']]
CVE-2013-4264,CWE-119,0.95,1,0,1,0,0,[['CWE-664']]
CVE-2021-32845,CWE-252,0.8,0,0,0,0,1,[['CWE-703']]
CVE-2018-16981,CWE-787,0.95,0,2,0,0,2,[['CWE-664']]
CVE-2019-14464,CWE-787,0.95,6,0,0,0,3,[['CWE-664']]
CVE-2016-4482,CWE-200,0.85,0,0,0,0,0,[['CWE-664']]
CVE-2016-6255,CWE-284,0.9,1,3,1,0,0,[['CWE-284']]
CVE-2020-25595,CWE-269,0.85,1,1,0,0,1,[['CWE-284']]
CVE-2015-2912,CWE-352,0.85,1,1,0,0,0,[['CWE-693']]
CVE-2016-7917,"CWE-200, CWE-125",0.95,1,0,0,0,0,"[['CWE-664'], ['CWE-664']]"
CVE-2019-17545,CWE-415,0.95,0,1,0,0,0,"[['CWE-710', 'CWE-664']]"
CVE-2014-1446,CWE-399,0.85,0,0,0,0,1,[['Unknown']]
CVE-2022-40304,CWE-415,0.8,1,0,0,0,0,"[['CWE-710', 'CWE-664']]"
CVE-2019-11034,CWE-125,0.75,3,0,0,0,0,[['CWE-664']]
CVE-2013-6420,CWE-119,0.85,0,0,1,4,0,[['CWE-664']]
CVE-2020-36138,CWE-476,0.85,9,0,1,0,0,"[['CWE-703', 'CWE-710']]"
CVE-2022-41936,CWE-359,0.75,0,1,0,0,1,[['CWE-664']]
CVE-2023-48105,CWE-787,0.85,2,1,6,0,0,[['CWE-664']]
CVE-2016-2117,CWE-200,0.85,0,0,0,0,0,[['CWE-664']]
CVE-2019-11924,CWE-770,0.85,1,1,0,0,0,[['CWE-664']]
CVE-2023-24828,CWE-338,0.75,1,0,0,0,3,[['CWE-693']]
CVE-2017-15597,"CWE-119, CWE-200",0.95,1,2,1,0,0,"[['CWE-664'], ['CWE-664']]"
CVE-2018-1999015,CWE-125,0.95,0,0,7,0,0,[['CWE-664']]
CVE-2018-6758,CWE-787,0.85,7,1,1,0,0,[['CWE-664']]
CVE-2017-16528,CWE-416,0.9,0,0,0,0,0,[['CWE-664']]
CVE-2020-19692,CWE-120,0.95,2,4,1,0,1,[['CWE-664']]
CVE-2022-47520,CWE-125,0.95,2,0,0,0,0,[['CWE-664']]
CVE-2015-3159,CWE-Other,0.8,0,0,0,0,1,[['Unknown']]
CVE-2022-25236,CWE-668,0.95,1,1,1,0,0,[['CWE-664']]
CVE-2023-1611,CWE-416,0.85,1,0,0,0,1,[['CWE-664']]
CVE-2020-18750,CWE-120,1.0,1,0,2,0,0,[['CWE-664']]
CVE-2017-12843,CWE-20,0.95,2,0,2,0,0,[['CWE-707']]
CVE-2011-1927,CWE-Other,0.85,1,0,0,0,1,[['Unknown']]
CVE-2022-47654,CWE-120,0.95,2,0,0,0,1,[['CWE-664']]
CVE-2017-5581,CWE-119,0.9,0,2,1,1,1,[['CWE-664']]
CVE-2021-31294,CWE-617,0.85,1,1,0,2,1,[['CWE-691']]
CVE-2018-14881,CWE-125,0.95,2,0,0,0,1,[['CWE-664']]
CVE-2015-8026,CWE-119,0.85,2,2,0,0,0,[['CWE-664']]
CVE-2016-3136,CWE-Other,0.85,0,1,0,0,1,[['Unknown']]
CVE-2011-4127,CWE-264,0.85,0,0,0,0,0,[['Unknown']]
CVE-2018-19476,CWE-704,0.85,0,0,0,0,1,[['CWE-664']]
CVE-2021-46389,CWE-190,0.95,12,3,0,0,2,[['CWE-682']]
CVE-2020-12140,CWE-120,1.0,1,4,1,0,3,[['CWE-664']]
CVE-2021-38171,CWE-252,0.85,2,2,2,0,1,[['CWE-703']]
CVE-2020-16305,CWE-787,0.85,7,1,0,0,2,[['CWE-664']]
CVE-2023-41910,CWE-125,0.95,0,0,0,0,2,[['CWE-664']]
CVE-2016-6156,CWE-362,0.95,0,1,0,0,0,[['CWE-691']]
CVE-2007-6761,CWE-119,0.9,0,0,0,0,1,[['CWE-664']]
CVE-2022-38667,CWE-416,0.85,0,2,0,0,2,[['CWE-664']]
CVE-2015-9274,CWE-125,0.9,1,1,0,0,4,[['CWE-664']]
CVE-2014-1642,CWE-399,0.95,0,1,0,0,5,[['Unknown']]
CVE-2020-10233,CWE-125,0.95,2,0,0,0,0,[['CWE-664']]
CVE-2014-1738,CWE-200,0.85,1,1,0,0,1,[['CWE-664']]
CVE-2022-29567,CWE-200,0.75,0,1,0,0,0,[['CWE-664']]
CVE-2016-4447,CWE-119,0.85,0,3,0,0,3,[['CWE-664']]
CVE-2019-14815,CWE-122,1.0,1,0,0,0,3,[['CWE-664']]
CVE-2022-24792,CWE-835,0.95,1,0,0,0,2,[['CWE-691']]
CVE-2020-11609,CWE-476,0.85,0,0,0,0,1,"[['CWE-703', 'CWE-710']]"
CVE-2019-17513,CWE-74,0.95,4,5,0,0,3,[['CWE-707']]
CVE-2013-6401,CWE-310,0.75,0,1,0,0,4,[['Unknown']]
CVE-2021-3770,CWE-122,0.95,0,0,0,0,1,[['CWE-664']]
CVE-2013-4342,CWE-264,0.95,1,3,0,0,1,[['Unknown']]
CVE-2018-1000822,CWE-611,0.95,0,4,0,0,5,[['CWE-664']]
CVE-2020-19750,CWE-125,0.95,1,0,0,0,0,[['CWE-664']]
CVE-2022-38072,CWE-129,0.75,2,3,0,0,1,[['CWE-707']]
CVE-2015-1191,CWE-22,0.95,0,1,0,0,0,[['CWE-664']]
CVE-2023-27596,CWE-770,0.75,2,3,1,0,2,[['CWE-664']]
CVE-2012-6119,CWE-264,0.85,0,4,0,0,1,[['Unknown']]
CVE-2019-15783,CWE-119,0.95,1,0,0,0,1,[['CWE-664']]
CVE-2014-3714,"CWE-119, CWE-20",0.95,8,3,0,0,8,"[['CWE-664'], ['CWE-707']]"
CVE-2017-13029,CWE-125,0.95,0,2,0,0,1,[['CWE-664']]
CVE-2021-43518,CWE-120,0.9,1,0,0,0,1,[['CWE-664']]
CVE-2017-13023,CWE-125,0.85,5,4,2,0,2,[['CWE-664']]
CVE-2016-1000339,CWE-310,0.9,0,0,1,0,0,[['Unknown']]
CVE-2018-13139,CWE-787,0.95,0,1,0,0,3,[['CWE-664']]
CVE-2016-4817,CWE-Other,0.95,0,1,0,0,1,[['Unknown']]
CVE-2018-17206,CWE-125,0.95,2,0,0,0,1,[['CWE-664']]
CVE-2019-14868,CWE-77,0.95,0,1,2,0,0,[['CWE-707']]
CVE-2021-46475,"CWE-Other, CWE-787",0.95,0,3,0,0,0,"[['Unknown'], ['CWE-664']]"
CVE-2022-3352,CWE-416,0.85,1,1,0,0,2,[['CWE-664']]
CVE-2013-7263,"CWE-200, CWE-20",1.0,0,0,0,0,0,"[['CWE-664'], ['CWE-707']]"
CVE-2019-11068,CWE-Other,0.95,0,2,0,0,0,[['Unknown']]
CVE-2023-32070,CWE-79,0.75,0,0,0,0,0,[['CWE-707']]
CVE-2017-8344,CWE-772,0.95,0,0,0,0,0,[['CWE-664']]
CVE-2018-10186,CWE-125,0.85,0,0,0,0,1,[['CWE-664']]
CVE-2023-51074,CWE-Other,0.75,0,3,2,0,4,[['Unknown']]
CVE-2018-14469,CWE-125,0.75,1,2,0,0,1,[['CWE-664']]
CVE-2021-36148,CWE-120,0.95,0,0,1,0,0,[['CWE-664']]
CVE-2020-27800,CWE-125,0.98,1,1,1,0,1,[['CWE-664']]
CVE-2022-2304,CWE-121,0.95,3,0,0,0,5,[['CWE-664']]
CVE-2018-16227,CWE-125,0.95,3,1,0,0,1,[['CWE-664']]
CVE-2018-10756,CWE-416,0.95,0,1,0,0,0,[['CWE-664']]
CVE-2017-8400,CWE-787,0.9,0,0,0,0,3,[['CWE-664']]
CVE-2018-6927,CWE-190,0.85,0,0,0,0,0,[['CWE-682']]
CVE-2022-38298,CWE-918,1.0,0,0,0,0,0,[['CWE-664']]
CVE-2017-7393,CWE-415,0.75,0,1,1,0,0,"[['CWE-710', 'CWE-664']]"
CVE-2021-4327,CWE-190,0.95,0,0,0,0,0,[['CWE-682']]
CVE-2011-4966,CWE-255,0.95,1,0,0,0,1,[['Unknown']]
CVE-2013-2917,CWE-119,0.85,0,0,0,0,0,[['CWE-664']]
CVE-2015-2783,CWE-119,0.85,0,1,0,0,0,[['CWE-664']]
CVE-2018-7725,CWE-119,1.0,2,0,0,0,1,[['CWE-664']]
CVE-2013-3228,CWE-200,0.85,0,0,0,0,0,[['CWE-664']]
CVE-2023-46242,CWE-352,0.85,0,2,0,0,0,[['CWE-693']]
CVE-2023-33461,CWE-476,0.75,0,4,0,0,0,"[['CWE-703', 'CWE-710']]"
CVE-2012-6657,CWE-264,0.95,1,0,0,0,0,[['Unknown']]
CVE-2014-4343,CWE-415,0.95,0,1,0,0,0,"[['CWE-710', 'CWE-664']]"
CVE-2021-21309,CWE-190,0.75,0,0,0,0,0,[['CWE-682']]
CVE-2021-31616,CWE-787,0.75,2,1,0,1,3,[['CWE-664']]
CVE-2016-10054,CWE-119,0.95,1,2,0,0,0,[['CWE-664']]
CVE-2014-9377,CWE-119,0.75,1,0,0,0,1,[['CWE-664']]
CVE-2016-10159,CWE-190,0.85,8,0,0,0,0,[['CWE-682']]
CVE-2018-16789,CWE-835,0.9,0,0,0,0,2,[['CWE-691']]
CVE-2017-18222,CWE-119,0.85,0,0,0,0,1,[['CWE-664']]
CVE-2017-18255,CWE-190,0.85,0,0,0,0,0,[['CWE-682']]
CVE-2011-1182,CWE-Other,0.9,0,1,0,0,1,[['Unknown']]
CVE-2020-13249,CWE-Other,0.95,2,1,1,0,1,[['Unknown']]
CVE-2019-15939,CWE-369,0.85,0,0,0,0,1,[['CWE-682']]
CVE-2018-14463,CWE-125,0.85,8,3,5,0,0,[['CWE-664']]
CVE-2022-4772,CWE-22,0.95,0,0,1,0,2,[['CWE-664']]
CVE-2019-19004,"CWE-415, CWE-190",0.95,1,0,0,0,2,"[['CWE-710', 'CWE-664'], ['CWE-682']]"
CVE-2018-1000100,CWE-119,0.85,4,0,2,0,2,[['CWE-664']]
CVE-2019-20387,CWE-125,1.0,4,0,0,0,0,[['CWE-664']]
CVE-2021-38388,CWE-862,0.85,0,1,0,0,0,[['CWE-284']]
CVE-2022-45207,CWE-89,0.75,0,0,0,0,1,[['CWE-707']]
CVE-2018-20595,CWE-352,0.95,2,1,0,0,1,[['CWE-693']]
CVE-2018-14362,"CWE-119, CWE-22",0.85,4,0,0,0,1,"[['CWE-664'], ['CWE-664']]"
CVE-2023-1495,CWE-89,0.85,0,1,1,0,0,[['CWE-707']]
CVE-2022-40317,CWE-79,0.9,2,0,7,0,0,[['CWE-707']]
CVE-2020-26880,CWE-269,0.75,0,0,0,0,3,[['CWE-284']]
CVE-2023-40572,CWE-352,0.95,1,0,0,0,3,[['CWE-693']]
CVE-2019-1010297,"CWE-190, CWE-787",0.85,0,1,0,0,1,"[['CWE-682'], ['CWE-664']]"
CVE-2020-10059,CWE-295,0.95,1,0,1,0,3,[['CWE-284']]
CVE-2016-9441,CWE-476,0.75,2,8,0,1,0,"[['CWE-703', 'CWE-710']]"
CVE-2007-3126,CWE-Other,0.95,0,0,0,0,1,[['Unknown']]
CVE-2013-7251,CWE-352,0.8,2,1,0,0,0,[['CWE-693']]
CVE-2020-15474,CWE-787,0.95,2,1,2,0,0,[['CWE-664']]
CVE-2020-5311,CWE-120,0.85,0,0,0,0,0,[['CWE-664']]
CVE-2014-2497,CWE-476,0.75,0,0,0,0,1,"[['CWE-703', 'CWE-710']]"
CVE-2016-0740,CWE-119,1.0,1,0,0,0,6,[['CWE-664']]
CVE-2013-7226,"CWE-189, CWE-20",0.95,2,1,0,0,0,"[['Unknown'], ['CWE-707']]"
CVE-2019-13224,CWE-416,0.85,0,2,0,0,1,[['CWE-664']]
CVE-2017-13011,CWE-119,0.95,5,1,3,0,5,[['CWE-664']]
CVE-2019-20219,CWE-125,0.95,2,1,0,0,0,[['CWE-664']]
CVE-2017-2582,CWE-200,0.75,0,1,3,0,4,[['CWE-664']]
CVE-2022-2042,CWE-416,0.95,0,1,0,0,0,[['CWE-664']]
CVE-2019-12982,CWE-119,0.85,1,3,4,0,0,[['CWE-664']]
CVE-2022-36052,"CWE-787, CWE-125",0.85,3,0,1,0,1,"[['CWE-664'], ['CWE-664']]"
CVE-2023-40032,CWE-476,0.95,2,0,0,0,2,"[['CWE-703', 'CWE-710']]"
CVE-2022-24884,CWE-347,0.95,0,0,0,0,2,[['CWE-693']]
CVE-2018-6191,CWE-190,0.95,7,0,0,0,2,[['CWE-682']]
CVE-2022-27416,CWE-415,0.95,0,0,0,0,0,"[['CWE-710', 'CWE-664']]"
CVE-2020-29040,"CWE-787, CWE-193",0.9,2,0,0,0,1,"[['CWE-664'], ['CWE-682']]"
CVE-2016-5114,"CWE-119, CWE-125",0.95,2,0,0,0,2,"[['CWE-664'], ['CWE-664']]"
CVE-2022-27941,CWE-125,0.75,0,0,0,0,1,[['CWE-664']]
CVE-2016-10161,CWE-125,0.95,3,4,2,0,0,[['CWE-664']]
CVE-2018-12460,CWE-476,0.85,2,0,0,0,1,"[['CWE-703', 'CWE-710']]"
CVE-2021-3888,CWE-119,0.95,5,2,0,0,1,[['CWE-664']]
CVE-2016-15006,CWE-337,0.85,0,4,0,0,0,[['CWE-693']]
CVE-2023-23926,CWE-611,0.85,1,1,0,0,0,[['CWE-664']]
CVE-2023-42405,CWE-89,0.85,0,0,0,0,0,[['CWE-707']]
CVE-2023-4781,CWE-122,0.75,0,4,0,0,0,[['CWE-664']]
CVE-2017-5495,CWE-119,0.95,0,1,0,0,0,[['CWE-664']]
CVE-2019-15901,CWE-269,0.75,2,0,0,0,8,[['CWE-284']]
CVE-2021-38115,CWE-125,0.85,1,1,0,0,0,[['CWE-664']]
CVE-2017-5592,"CWE-20, CWE-346",0.95,1,1,3,0,2,"[['CWE-707'], ['CWE-284', 'CWE-693']]"
CVE-2015-1334,CWE-17,0.85,0,0,0,0,0,[['Unknown']]
CVE-2022-34835,CWE-787,0.95,1,2,0,0,0,[['CWE-664']]
CVE-2022-42310,CWE-459,0.95,0,2,0,0,0,[['CWE-664']]
CVE-2017-11521,CWE-400,0.95,2,0,0,0,2,[['CWE-664']]
CVE-2021-30498,"CWE-787, CWE-119",1.0,0,2,0,0,1,"[['CWE-664'], ['CWE-664']]"
CVE-2020-8941,CWE-125,0.9,0,2,1,0,4,[['CWE-664']]
CVE-2013-7022,CWE-119,0.95,4,1,1,4,0,[['CWE-664']]
CVE-2020-11538,CWE-125,0.75,3,0,0,0,3,[['CWE-664']]
CVE-2020-13398,CWE-787,0.9,0,0,6,0,0,[['CWE-664']]
CVE-2016-9632,CWE-119,0.75,0,0,0,0,0,[['CWE-664']]
CVE-2021-44927,CWE-476,0.95,8,1,2,0,5,"[['CWE-703', 'CWE-710']]"
CVE-2017-6837,CWE-20,0.85,1,0,0,2,0,[['CWE-707']]
CVE-2019-15946,CWE-119,0.95,2,2,0,0,1,[['CWE-664']]
CVE-2023-3431,CWE-284,0.9,1,2,0,0,1,[['CWE-284']]
CVE-2013-7018,CWE-119,0.95,1,0,1,0,0,[['CWE-664']]
CVE-2022-45474,CWE-416,0.85,0,0,0,0,0,[['CWE-664']]
CVE-2019-7702,"CWE-416, CWE-476, CWE-770",0.75,0,6,0,0,2,"[['CWE-664'], ['CWE-703', 'CWE-710'], ['CWE-664']]"
CVE-2016-2347,CWE-190,0.9,0,3,0,2,4,[['CWE-682']]
CVE-2019-14733,CWE-787,1.0,4,0,0,0,1,[['CWE-664']]
CVE-2021-3856,CWE-22,0.85,0,0,0,2,0,[['CWE-664']]
CVE-2018-12893,CWE-Other,0.85,0,1,0,0,0,[['Unknown']]
CVE-2022-44311,CWE-125,0.95,0,1,0,0,0,[['CWE-664']]
CVE-2018-19115,CWE-787,0.95,2,0,1,1,0,[['CWE-664']]
CVE-2013-7012,CWE-119,0.95,2,0,0,2,5,[['CWE-664']]
CVE-2010-2060,CWE-Other,0.95,0,0,0,0,1,[['Unknown']]
CVE-2018-8050,CWE-20,0.95,1,0,2,0,0,[['CWE-707']]
CVE-2015-6520,CWE-264,1.0,0,0,0,0,0,[['Unknown']]
CVE-2020-25756,CWE-120,0.95,2,0,0,1,0,[['CWE-664']]
CVE-2012-0787,CWE-Other,1.0,0,0,0,0,0,[['Unknown']]
CVE-2019-18425,CWE-269,0.95,2,0,0,0,0,[['CWE-284']]
CVE-2013-7455,CWE-Other,0.9,0,0,0,0,0,[['Unknown']]
CVE-2021-23191,"CWE-415, CWE-476",0.8,0,1,0,0,3,"[['CWE-710', 'CWE-664'], ['CWE-703', 'CWE-710']]"
CVE-2022-42320,CWE-459,0.85,0,1,0,0,0,[['CWE-664']]
CVE-2015-6654,CWE-264,0.9,0,0,1,0,0,[['Unknown']]
CVE-2015-0228,CWE-20,0.9,0,1,0,0,2,[['CWE-707']]
CVE-2018-18409,CWE-125,1.0,0,0,0,0,0,[['CWE-664']]
CVE-2024-23682,"CWE-501, CWE-653",0.98,0,0,0,0,1,"[['CWE-664'], ['CWE-710', 'CWE-693']]"
CVE-2016-7519,CWE-125,0.95,2,0,0,0,0,[['CWE-664']]
CVE-2016-6292,CWE-476,0.85,3,1,0,0,0,"[['CWE-703', 'CWE-710']]"
CVE-2022-41915,"CWE-436, CWE-113",0.85,0,2,1,0,0,"[['CWE-435'], ['CWE-707', 'CWE-435']]"
CVE-2023-42298,CWE-190,0.95,6,1,3,0,1,[['CWE-682']]
CVE-2017-9990,CWE-119,0.9,0,2,0,0,1,[['CWE-664']]
CVE-2021-45085,CWE-79,0.95,2,1,0,0,0,[['CWE-707']]
CVE-2017-11665,CWE-20,0.75,0,0,0,0,0,[['CWE-707']]
CVE-2022-2175,CWE-125,0.85,1,0,0,0,2,[['CWE-664']]
CVE-2023-5344,CWE-122,0.95,0,1,0,0,3,[['CWE-664']]
CVE-2021-4156,CWE-125,0.75,1,0,0,0,1,[['CWE-664']]
CVE-2016-8654,CWE-119,0.85,3,2,0,0,0,[['CWE-664']]
CVE-2014-4502,CWE-119,0.95,2,3,0,2,3,[['CWE-664']]
CVE-2021-22564,CWE-787,0.95,1,4,2,0,0,[['CWE-664']]
CVE-2017-13021,CWE-125,0.85,1,0,0,2,3,[['CWE-664']]
CVE-2018-1000037,"CWE-416, CWE-787, CWE-20",0.9,0,3,1,0,0,"[['CWE-664'], ['CWE-664'], ['CWE-707']]"
CVE-2013-4600,CWE-79,0.85,0,2,0,0,2,[['CWE-707']]
CVE-2018-11248,CWE-22,0.95,0,0,0,0,0,[['CWE-664']]
CVE-2018-8787,"CWE-190, CWE-787",0.95,10,0,3,0,2,"[['CWE-682'], ['CWE-664']]"
CVE-2023-46929,CWE-Other,0.95,2,1,4,0,6,[['Unknown']]
CVE-2023-34823,CWE-787,0.9,1,1,1,0,0,[['CWE-664']]
CVE-2016-10252,CWE-399,1.0,1,0,0,0,1,[['Unknown']]
CVE-2021-3796,CWE-416,0.75,0,6,0,0,2,[['CWE-664']]
CVE-2016-7564,CWE-119,0.9,3,0,0,0,0,[['CWE-664']]
CVE-2017-1000450,CWE-190,0.95,2,3,1,1,0,[['CWE-682']]
CVE-2021-46499,CWE-416,0.95,0,2,0,0,0,[['CWE-664']]
CVE-2016-4542,CWE-119,0.95,6,2,0,0,0,[['CWE-664']]
CVE-2014-0207,CWE-119,0.95,0,3,0,0,1,[['CWE-664']]
CVE-2022-38530,CWE-787,0.75,0,7,0,0,0,[['CWE-664']]
CVE-2017-9454,CWE-125,0.85,4,0,1,0,2,[['CWE-664']]
CVE-2023-44794,CWE-Other,0.85,0,2,0,1,2,[['Unknown']]
CVE-2021-43288,CWE-79,0.85,5,3,4,0,1,[['CWE-707']]
CVE-2016-5116,CWE-119,0.9,2,0,0,0,0,[['CWE-664']]
CVE-2023-5535,CWE-416,0.85,0,4,0,0,5,[['CWE-664']]
CVE-2021-21243,CWE-502,0.95,0,1,0,0,1,[['CWE-664']]
CVE-2020-11810,CWE-362,0.85,0,0,0,0,0,[['CWE-691']]
CVE-2022-3016,CWE-416,0.85,0,0,3,0,2,[['CWE-664']]
CVE-2022-24886,CWE-732,0.75,1,2,0,0,2,"[['CWE-284', 'CWE-664']]"
CVE-2018-14523,CWE-125,0.95,2,0,0,0,0,[['CWE-664']]
CVE-2011-1588,CWE-134,0.85,0,0,1,0,0,[['CWE-664']]
CVE-2018-14424,CWE-416,0.95,0,0,0,0,0,[['CWE-664']]
CVE-2019-14241,CWE-835,0.85,0,1,0,0,2,[['CWE-691']]
CVE-2016-4344,CWE-190,0.75,6,4,1,0,0,[['CWE-682']]
CVE-2023-0996,CWE-120,0.75,5,3,0,0,2,[['CWE-664']]
CVE-2022-0137,CWE-787,0.95,1,2,0,0,1,[['CWE-664']]
CVE-2019-15163,CWE-476,0.9,2,1,0,0,0,"[['CWE-703', 'CWE-710']]"
CVE-2016-10169,CWE-125,0.8,5,2,1,0,0,[['CWE-664']]
CVE-2023-46302,CWE-502,0.75,1,2,0,0,6,[['CWE-664']]
CVE-2019-14491,"CWE-787, CWE-125",0.75,0,1,0,0,2,"[['CWE-664'], ['CWE-664']]"
CVE-2020-11743,CWE-755,0.9,0,1,0,0,0,[['CWE-703']]
CVE-2019-1010295,"CWE-20, CWE-787, CWE-125",0.95,0,2,0,0,0,"[['CWE-707'], ['CWE-664'], ['CWE-664']]"
CVE-2020-22673,"CWE-401, CWE-787",0.95,3,3,0,2,1,"[['CWE-664'], ['CWE-664']]"
CVE-2023-40827,CWE-22,0.75,0,0,2,0,1,[['CWE-664']]
CVE-2018-7485,CWE-119,0.9,1,1,1,0,0,[['CWE-664']]
CVE-2021-45949,CWE-787,0.85,1,7,0,0,2,[['CWE-664']]
CVE-2020-12668,CWE-863,0.85,0,0,2,0,0,[['CWE-284']]
CVE-2018-15855,CWE-476,0.95,1,0,2,0,5,"[['CWE-703', 'CWE-710']]"
CVE-2020-22679,CWE-401,0.95,2,1,1,0,0,[['CWE-664']]
CVE-2016-9443,CWE-476,0.85,1,1,0,0,2,"[['CWE-703', 'CWE-710']]"
CVE-2015-4022,"CWE-119, CWE-189",0.95,0,0,0,0,2,"[['CWE-664'], ['Unknown']]"
CVE-2017-17785,CWE-787,0.95,0,2,0,0,0,[['CWE-664']]
CVE-2021-45463,CWE-Other,0.95,0,0,2,0,2,[['Unknown']]
CVE-2019-19888,CWE-369,0.75,3,0,0,0,3,[['CWE-682']]
CVE-2022-24301,CWE-276,0.95,2,2,0,0,1,"[['CWE-284', 'CWE-664']]"
CVE-2019-12980,CWE-190,0.98,0,1,1,0,1,[['CWE-682']]
CVE-2019-12439,CWE-20,0.95,1,1,0,0,0,[['CWE-707']]
CVE-2020-19667,CWE-787,0.85,2,0,0,0,2,[['CWE-664']]
CVE-2015-5377,CWE-74,0.75,0,3,0,0,1,[['CWE-707']]
CVE-2014-0791,CWE-189,0.95,0,0,0,0,0,[['Unknown']]
CVE-2023-34101,CWE-125,0.75,2,1,2,0,0,[['CWE-664']]
CVE-2020-35535,CWE-125,0.95,2,1,0,0,1,[['CWE-664']]
CVE-2016-7166,CWE-399,0.85,1,0,0,0,1,[['Unknown']]
CVE-2023-34095,CWE-121,0.85,1,0,0,0,2,[['CWE-664']]
CVE-2020-4031,CWE-416,0.98,0,2,1,0,1,[['CWE-664']]
CVE-2017-1000200,CWE-476,0.9,0,6,0,1,0,"[['CWE-703', 'CWE-710']]"
CVE-2023-42801,CWE-120,0.75,0,0,0,0,0,[['CWE-664']]
CVE-2012-2143,CWE-310,0.95,1,1,0,0,0,[['Unknown']]
CVE-2017-14055,CWE-834,0.95,2,0,0,0,0,[['CWE-691']]
CVE-2022-29183,CWE-79,0.85,1,0,1,0,0,[['CWE-707']]
CVE-2017-11575,CWE-125,0.75,2,3,0,0,4,[['CWE-664']]
CVE-2020-8442,CWE-787,0.95,3,0,1,0,1,[['CWE-664']]
CVE-2015-2331,CWE-189,1.0,1,2,0,0,0,[['Unknown']]
CVE-2014-9721,CWE-20,0.9,1,1,0,0,3,[['CWE-707']]
CVE-2018-11418,CWE-125,0.95,0,0,0,0,0,[['CWE-664']]
CVE-2017-9739,CWE-125,0.85,2,0,0,0,2,[['CWE-664']]
CVE-2020-19005,CWE-863,0.9,0,0,0,0,2,[['CWE-284']]
CVE-2019-20503,CWE-125,0.95,2,1,0,0,2,[['CWE-664']]
CVE-2018-12544,CWE-611,0.95,0,2,0,0,0,[['CWE-664']]
CVE-2015-7326,CWE-611,0.95,2,0,2,0,0,[['CWE-664']]
CVE-2021-21381,CWE-74,0.95,0,0,0,0,0,[['CWE-707']]
CVE-2023-25564,CWE-787,0.85,0,3,0,0,1,[['CWE-664']]
CVE-2017-13695,CWE-200,0.95,1,1,0,0,1,[['CWE-664']]
CVE-2021-32621,CWE-94,1.0,0,1,0,3,1,"[['CWE-707', 'CWE-664']]"
CVE-2016-7797,CWE-254,0.75,0,1,0,0,2,[['Unknown']]
CVE-2022-21144,CWE-20,0.75,0,0,0,0,0,[['CWE-707']]
CVE-2018-12914,CWE-434,0.95,1,0,0,0,0,[['CWE-664']]
CVE-2017-5522,CWE-119,0.95,2,2,0,0,6,[['CWE-664']]
CVE-2017-14152,CWE-787,0.95,3,0,0,0,0,[['CWE-664']]
CVE-2018-19966,CWE-436,0.95,1,0,0,0,0,[['CWE-435']]
CVE-2020-14401,CWE-190,0.85,3,1,0,0,0,[['CWE-682']]
CVE-2013-2182,CWE-264,1.0,1,7,2,0,2,[['Unknown']]
CVE-2019-17341,CWE-362,0.95,1,1,0,0,0,[['CWE-691']]
CVE-2017-6504,CWE-20,0.95,0,3,3,0,7,[['CWE-707']]
CVE-2020-8448,CWE-476,0.95,1,1,0,0,0,"[['CWE-703', 'CWE-710']]"
CVE-2023-3896,CWE-369,0.85,5,7,0,0,0,[['CWE-682']]
CVE-2023-1452,CWE-120,0.9,3,0,2,0,0,[['CWE-664']]
CVE-2016-6265,CWE-416,0.95,1,1,0,0,2,[['CWE-664']]
CVE-2018-11685,CWE-787,0.85,0,0,0,0,3,[['CWE-664']]
CVE-2017-9989,CWE-476,0.95,3,0,1,0,2,"[['CWE-703', 'CWE-710']]"
CVE-2015-5685,CWE-20,0.95,1,1,0,0,0,[['CWE-707']]
CVE-2022-40674,CWE-416,0.75,0,2,0,1,0,[['CWE-664']]
CVE-2017-13032,CWE-125,0.95,9,6,1,0,2,[['CWE-664']]
CVE-2017-8765,CWE-772,0.85,1,0,0,0,0,[['CWE-664']]
CVE-2018-9165,CWE-476,0.75,3,0,0,0,0,"[['CWE-703', 'CWE-710']]"
CVE-2019-15695,"CWE-787, CWE-754",0.95,3,1,2,0,0,"[['CWE-664'], ['CWE-703']]"
CVE-2024-0822,CWE-287,0.9,0,0,2,0,2,[['CWE-284']]
CVE-2023-4535,CWE-125,0.95,5,2,0,0,0,[['CWE-664']]
CVE-2020-7041,CWE-295,0.95,0,0,0,0,0,[['CWE-284']]
CVE-2019-12481,"CWE-787, CWE-476",0.95,0,5,1,0,0,"[['CWE-664'], ['CWE-703', 'CWE-710']]"
CVE-2016-8740,"CWE-20, CWE-399",0.75,0,0,0,0,2,"[['CWE-707'], ['Unknown']]"
CVE-2023-27480,CWE-611,0.85,0,1,3,0,1,[['CWE-664']]
CVE-2017-20005,CWE-190,0.9,0,0,1,0,4,[['CWE-682']]
CVE-2022-4583,CWE-22,0.75,1,3,0,1,1,[['CWE-664']]
CVE-2020-21674,CWE-787,0.85,2,1,0,0,1,[['CWE-664']]
CVE-2020-12649,CWE-22,0.75,0,0,1,0,2,[['CWE-664']]
CVE-2020-27208,CWE-326,0.95,0,0,2,0,0,[['CWE-693']]
CVE-2020-10070,CWE-120,0.85,2,2,1,0,0,[['CWE-664']]
CVE-2018-6358,CWE-787,0.95,1,0,0,0,1,[['CWE-664']]
CVE-2020-5235,CWE-125,0.85,0,3,0,0,0,[['CWE-664']]
CVE-2022-1507,CWE-476,0.9,1,2,0,0,0,"[['CWE-703', 'CWE-710']]"
CVE-2021-28021,CWE-787,0.75,0,0,0,0,1,[['CWE-664']]
CVE-2013-0250,CWE-Other,0.95,6,0,1,0,0,[['Unknown']]
CVE-2019-10907,CWE-326,0.75,1,0,0,0,0,[['CWE-693']]
CVE-2018-19134,CWE-704,0.95,4,0,0,0,0,[['CWE-664']]
CVE-2017-2603,CWE-200,0.9,0,4,0,0,5,[['CWE-664']]
CVE-2016-9387,CWE-190,0.95,7,1,0,1,1,[['CWE-682']]
CVE-2022-47656,CWE-120,0.85,2,4,0,0,0,[['CWE-664']]
CVE-2020-36773,"CWE-787, CWE-416",0.95,1,1,0,0,0,"[['CWE-664'], ['CWE-664']]"
CVE-2022-23308,CWE-416,0.75,0,0,0,0,2,[['CWE-664']]
CVE-2014-3969,CWE-264,1.0,0,0,5,0,1,[['Unknown']]
CVE-2019-13136,CWE-190,0.75,2,1,0,1,1,[['CWE-682']]
CVE-2022-23391,CWE-79,0.9,2,2,0,0,2,[['CWE-707']]
CVE-2018-19859,CWE-22,0.75,0,2,3,0,1,[['CWE-664']]
CVE-2021-31272,CWE-22,0.75,0,3,0,0,0,[['CWE-664']]
CVE-2016-6833,CWE-416,0.85,1,0,1,0,0,[['CWE-664']]
CVE-2017-5847,CWE-125,0.9,2,1,0,0,3,[['CWE-664']]
CVE-2017-5589,"CWE-20, CWE-346",0.95,0,0,0,0,1,"[['CWE-707'], ['CWE-284', 'CWE-693']]"
CVE-2013-4165,CWE-200,0.95,1,1,0,0,0,[['CWE-664']]
CVE-2016-10093,"CWE-190, CWE-119",0.95,0,1,1,0,1,"[['CWE-682'], ['CWE-664']]"
CVE-2021-41816,CWE-190,0.95,0,0,0,0,1,[['CWE-682']]
CVE-2015-3151,CWE-22,0.85,0,0,0,0,0,[['CWE-664']]
CVE-2023-33962,CWE-79,0.9,0,0,4,0,0,[['CWE-707']]
CVE-2021-21250,CWE-538,0.85,0,1,3,0,0,[['CWE-664']]
CVE-2019-10877,CWE-190,0.75,6,2,0,0,0,[['CWE-682']]
CVE-2016-8691,CWE-369,0.95,0,1,0,0,1,[['CWE-682']]
CVE-2021-37594,CWE-20,0.85,3,2,0,0,0,[['CWE-707']]
CVE-2021-27186,CWE-476,0.95,0,0,0,0,3,"[['CWE-703', 'CWE-710']]"
CVE-2023-50446,CWE-732,0.95,0,0,0,0,1,"[['CWE-284', 'CWE-664']]"
CVE-2017-14319,CWE-Other,0.95,2,0,2,0,0,[['Unknown']]
CVE-2014-5336,CWE-20,0.9,1,1,0,0,0,[['CWE-707']]
CVE-2017-11734,CWE-125,0.85,4,1,3,0,0,[['CWE-664']]
CVE-2019-20372,CWE-444,0.95,2,3,3,0,1,[['CWE-435']]
CVE-2017-13099,CWE-203,0.75,3,0,0,0,2,[['CWE-664']]
CVE-2021-20271,CWE-345,0.9,0,1,0,0,1,[['CWE-693']]
CVE-2022-1886,CWE-122,1.0,1,0,0,0,0,[['CWE-664']]
CVE-2022-2414,CWE-611,0.85,0,0,0,0,0,[['CWE-664']]
CVE-2015-8784,CWE-787,0.9,2,6,0,0,0,[['CWE-664']]
CVE-2022-39274,CWE-193,0.95,3,1,0,0,1,[['CWE-682']]
CVE-2016-7532,CWE-125,0.9,2,2,1,0,0,[['CWE-664']]
CVE-2021-32847,CWE-125,0.85,2,0,0,0,3,[['CWE-664']]
CVE-2023-51713,CWE-125,0.75,0,0,0,0,2,[['CWE-664']]
CVE-2013-7330,CWE-264,0.75,0,0,0,0,0,[['Unknown']]
CVE-2023-48107,CWE-787,0.85,0,0,4,0,0,[['CWE-664']]
CVE-2020-25597,CWE-755,0.85,5,10,0,0,5,[['CWE-703']]
CVE-2019-11041,CWE-125,0.85,0,0,0,0,0,[['CWE-664']]
CVE-2016-1133,CWE-Other,0.75,1,4,0,0,0,[['Unknown']]
CVE-2019-11036,CWE-125,0.85,9,0,0,0,1,[['CWE-664']]
CVE-2021-44758,CWE-476,0.95,1,0,0,0,2,"[['CWE-703', 'CWE-710']]"
CVE-2023-31981,CWE-787,0.85,0,2,2,0,4,[['CWE-664']]
CVE-2020-36407,CWE-787,0.75,0,2,1,0,2,[['CWE-664']]
CVE-2023-0645,CWE-125,0.85,2,0,0,0,1,[['CWE-664']]
CVE-2016-9189,CWE-190,0.85,2,0,0,0,0,[['CWE-682']]
CVE-2019-13345,CWE-79,0.75,0,0,0,0,1,[['CWE-707']]
CVE-2017-15595,CWE-400,0.75,1,5,0,0,0,[['CWE-664']]
CVE-2020-24621,CWE-22,0.85,0,0,0,0,1,[['CWE-664']]
CVE-2015-9542,CWE-787,0.95,0,0,0,0,1,[['CWE-664']]
CVE-2021-35344,CWE-787,0.75,0,1,0,0,1,[['CWE-664']]
CVE-2018-20847,CWE-190,0.75,3,0,0,0,0,[['CWE-682']]
CVE-2016-10749,CWE-125,0.95,0,1,1,0,0,[['CWE-664']]
CVE-2015-4471,CWE-189,0.75,4,0,0,0,3,[['Unknown']]
CVE-2017-11733,CWE-476,0.95,7,3,1,0,2,"[['CWE-703', 'CWE-710']]"
CVE-2017-13007,CWE-125,0.75,4,0,0,0,1,[['CWE-664']]
CVE-2017-1000476,CWE-400,0.9,1,1,0,0,0,[['CWE-664']]
CVE-2023-37479,CWE-665,0.75,1,2,1,1,0,[['CWE-664']]
CVE-2020-13113,CWE-908,0.95,0,0,0,0,8,[['CWE-664']]
CVE-2016-6250,CWE-190,0.75,9,3,0,0,0,[['CWE-682']]
CVE-2021-42780,CWE-252,0.75,5,1,0,0,1,[['CWE-703']]
CVE-2016-7535,CWE-787,0.85,2,0,0,0,0,[['CWE-664']]
CVE-2015-0204,CWE-310,0.95,0,0,0,0,3,[['Unknown']]
CVE-2015-8617,CWE-134,0.9,0,0,8,0,4,[['CWE-664']]
CVE-2022-2849,CWE-122,0.85,0,0,6,0,1,[['CWE-664']]
CVE-2022-1968,CWE-416,0.95,1,0,1,0,1,[['CWE-664']]
CVE-2022-41933,CWE-522,0.95,0,3,1,0,0,"[['CWE-284', 'CWE-664']]"
CVE-2022-35978,CWE-693,0.9,0,0,1,0,0,[['CWE-693']]
CVE-2016-7445,CWE-476,0.85,0,1,0,0,1,"[['CWE-703', 'CWE-710']]"
CVE-2023-49786,CWE-362,0.9,0,1,0,0,1,[['CWE-691']]
CVE-2019-11046,CWE-125,0.85,0,0,0,0,0,[['CWE-664']]
CVE-2014-125087,CWE-611,0.95,0,0,0,0,1,[['CWE-664']]
CVE-2015-8789,CWE-Other,0.85,3,0,0,0,3,[['Unknown']]
CVE-2020-27347,CWE-787,0.75,8,5,1,1,1,[['CWE-664']]
CVE-2019-12450,"CWE-362, CWE-276",0.95,1,4,0,0,0,"[['CWE-691'], ['CWE-284', 'CWE-664']]"
CVE-2018-1999010,CWE-125,0.95,0,1,0,0,0,[['CWE-664']]
CVE-2022-4878,CWE-22,0.75,0,0,0,0,0,[['CWE-664']]
CVE-2017-15592,CWE-668,0.95,1,0,0,2,0,[['CWE-664']]
CVE-2019-19012,"CWE-190, CWE-125",0.9,5,3,0,0,0,"[['CWE-682'], ['CWE-664']]"
CVE-2022-25857,CWE-776,0.75,0,0,0,0,0,"[['CWE-691', 'CWE-664']]"
CVE-2019-11921,CWE-787,0.9,0,1,1,0,1,[['CWE-664']]
CVE-2021-36368,CWE-287,0.95,1,1,0,0,0,[['CWE-284']]
CVE-2016-9624,CWE-476,0.95,3,0,4,0,1,"[['CWE-703', 'CWE-710']]"
CVE-2018-1000652,CWE-611,0.95,1,0,1,0,0,[['CWE-664']]
CVE-2023-43641,CWE-787,0.95,0,0,0,0,1,[['CWE-664']]
CVE-2021-30027,CWE-908,0.95,3,1,1,0,0,[['CWE-664']]
CVE-2023-41102,CWE-401,0.9,1,1,0,0,1,[['CWE-664']]
CVE-2021-32687,"CWE-190, CWE-680",0.9,0,0,0,0,0,"[['CWE-682'], ['CWE-682']]"
CVE-2012-6697,CWE-399,0.95,0,0,1,0,1,[['Unknown']]
CVE-2020-11879,CWE-Other,0.95,0,1,1,0,1,[['Unknown']]
CVE-2016-2385,CWE-119,0.95,3,1,1,0,0,[['CWE-664']]
CVE-2018-8098,CWE-190,0.95,0,1,1,0,1,[['CWE-682']]
CVE-2017-17046,CWE-200,0.85,0,10,0,0,0,[['CWE-664']]
CVE-2017-11537,CWE-682,0.85,1,1,0,0,0,[['CWE-682']]
CVE-2013-2124,CWE-Other,0.95,0,0,0,0,0,[['Unknown']]
CVE-2015-2304,CWE-22,0.95,1,1,1,0,0,[['CWE-664']]
CVE-2013-4558,CWE-20,0.95,1,2,0,0,0,[['CWE-707']]
CVE-2019-20171,CWE-401,0.95,0,2,0,0,0,[['CWE-664']]
CVE-2020-9365,CWE-125,0.95,0,0,0,0,0,[['CWE-664']]
CVE-2018-17582,CWE-125,0.95,0,0,0,0,1,[['CWE-664']]
CVE-2018-20763,CWE-787,0.95,1,0,0,0,0,[['CWE-664']]
CVE-2017-8904,CWE-Other,0.75,0,0,1,0,1,[['Unknown']]
CVE-2023-26130,CWE-74,0.95,1,0,0,0,0,[['CWE-707']]
CVE-2020-16300,CWE-787,0.95,0,0,0,0,2,[['CWE-664']]
CVE-2015-6031,CWE-119,0.95,0,0,0,2,0,[['CWE-664']]
CVE-2009-1194,CWE-189,0.95,0,0,1,0,0,[['Unknown']]
CVE-2023-52076,CWE-22,0.95,1,1,0,0,0,[['CWE-664']]
CVE-2014-8176,CWE-119,0.9,0,0,0,0,2,[['CWE-664']]
CVE-2020-11080,CWE-707,0.95,0,0,0,0,1,[['CWE-707']]
CVE-2023-22745,CWE-120,0.95,1,1,0,0,0,[['CWE-664']]
CVE-2022-23645,CWE-125,0.9,0,0,1,0,0,[['CWE-664']]
CVE-2022-27920,CWE-79,0.95,0,1,0,0,0,[['CWE-707']]
CVE-2017-15232,CWE-476,0.75,12,0,0,0,12,"[['CWE-703', 'CWE-710']]"
CVE-2012-1584,CWE-189,0.95,0,0,3,0,3,[['Unknown']]
CVE-2023-5521,CWE-863,0.95,0,1,0,0,1,[['CWE-284']]
CVE-2016-10094,CWE-189,0.95,2,1,0,0,1,[['Unknown']]
CVE-2019-25085,CWE-416,0.95,2,0,0,0,0,[['CWE-664']]
CVE-2014-8866,CWE-17,0.85,1,1,0,0,0,[['Unknown']]
CVE-2023-28753,CWE-787,0.95,2,0,0,0,3,[['CWE-664']]
CVE-2020-29367,CWE-787,0.95,8,3,1,0,0,[['CWE-664']]
CVE-2019-17402,CWE-120,0.95,2,2,2,0,0,[['CWE-664']]
CVE-2017-7875,CWE-787,0.95,1,1,0,0,0,[['CWE-664']]
CVE-2017-7555,CWE-119,0.75,0,7,1,0,1,[['CWE-664']]
CVE-2022-25298,CWE-22,0.75,0,0,0,0,0,[['CWE-664']]
CVE-2017-16534,CWE-119,0.95,2,1,0,0,1,[['CWE-664']]
CVE-2013-2850,CWE-119,0.95,1,1,0,0,0,[['CWE-664']]
CVE-2018-6331,CWE-502,0.75,0,0,0,0,0,[['CWE-664']]
CVE-2013-4350,CWE-310,0.95,2,2,0,1,0,[['Unknown']]
CVE-2014-9895,CWE-200,0.95,2,1,0,0,0,[['CWE-664']]
CVE-2022-47943,CWE-125,0.95,1,0,0,0,0,[['CWE-664']]
CVE-2014-2523,CWE-20,0.95,0,1,0,0,0,[['CWE-707']]
CVE-2014-8709,CWE-200,0.95,1,2,0,0,2,[['CWE-664']]
CVE-2012-1016,CWE-476,0.95,4,0,0,0,3,"[['CWE-703', 'CWE-710']]"
CVE-2014-9728,"CWE-Other, CWE-119",0.95,6,0,1,0,4,"[['Unknown'], ['CWE-664']]"
CVE-2013-1929,CWE-119,0.95,0,1,0,0,1,[['CWE-664']]
CVE-2013-3230,CWE-200,0.95,0,1,0,0,1,[['CWE-664']]
CVE-2017-15649,CWE-362,0.95,2,2,0,0,0,[['CWE-691']]
CVE-2014-4654,"CWE-416, CWE-190",0.95,0,2,0,0,0,"[['CWE-664'], ['CWE-682']]"
CVE-2019-15691,CWE-672,0.95,0,1,0,0,1,[['CWE-664']]
CVE-2021-45930,CWE-787,0.85,0,0,0,0,0,[['CWE-664']]
CVE-2022-3602,CWE-787,0.95,0,8,5,3,2,[['CWE-664']]
CVE-2023-0286,CWE-843,0.9,3,2,3,0,1,[['CWE-664']]
CVE-2008-3792,CWE-Other,0.95,3,1,1,0,0,[['Unknown']]
CVE-2009-0605,CWE-119,0.95,0,2,0,0,0,[['CWE-664']]
CVE-2009-1527,CWE-362,0.95,1,0,1,0,0,[['CWE-691']]
CVE-2019-19537,CWE-362,0.95,1,0,0,0,1,[['CWE-691']]
CVE-2020-12769,CWE-662,0.95,1,2,0,0,0,"[['CWE-691', 'CWE-664']]"
CVE-2021-4028,CWE-416,0.95,0,4,0,0,2,[['CWE-664']]
CVE-2020-14386,CWE-787,0.95,0,0,0,0,1,[['CWE-664']]
CVE-2023-31084,CWE-Other,0.95,0,0,0,0,0,[['Unknown']]
CVE-2014-2309,CWE-119,0.95,1,0,1,0,0,[['CWE-664']]
CVE-2010-4158,CWE-200,0.9,0,0,0,0,0,[['CWE-664']]
CVE-2016-10905,CWE-416,0.95,1,1,2,0,0,[['CWE-664']]
CVE-2021-4002,CWE-401,0.95,0,1,0,0,0,[['CWE-664']]
CVE-2010-1086,CWE-399,0.95,0,1,0,0,0,[['Unknown']]
CVE-2007-5501,CWE-399,0.95,1,0,0,0,3,[['Unknown']]
CVE-2024-1312,CWE-416,0.95,0,5,0,0,2,[['CWE-664']]
CVE-2008-3525,CWE-264,0.95,0,2,0,0,1,[['Unknown']]
CVE-2014-0181,CWE-264,0.95,0,6,0,0,1,[['Unknown']]
CVE-2011-0710,CWE-200,0.95,0,1,0,0,0,[['CWE-664']]
CVE-2023-52446,CWE-416,0.95,0,3,1,0,0,[['CWE-664']]
CVE-2021-43057,CWE-416,0.95,0,2,0,0,2,[['CWE-664']]
CVE-2018-1000028,CWE-269,0.95,1,5,0,0,1,[['CWE-284']]
CVE-2023-2163,CWE-682,0.95,1,0,1,0,0,[['CWE-682']]
CVE-2008-1673,CWE-119,0.95,2,0,3,0,0,[['CWE-664']]
CVE-2022-42719,CWE-416,0.95,2,1,1,0,2,[['CWE-664']]
CVE-2018-1130,CWE-476,0.95,1,2,0,0,0,"[['CWE-703', 'CWE-710']]"
CVE-2022-0891,"CWE-787, CWE-125",0.95,3,3,0,0,0,"[['CWE-664'], ['CWE-664']]"
CVE-2021-20286,CWE-617,0.95,0,1,0,0,1,[['CWE-691']]
CVE-2022-3626,CWE-787,1.0,0,0,0,0,0,[['CWE-664']]
CVE-2022-2469,CWE-125,0.92,0,0,0,0,1,[['CWE-664']]
CVE-2021-3716,CWE-924,0.95,2,0,0,0,0,[['CWE-693']]
CVE-2021-3631,CWE-732,1.0,2,1,1,0,1,"[['CWE-284', 'CWE-664']]"
CVE-2013-2496,CWE-119,0.95,2,0,2,0,1,[['CWE-664']]
CVE-2011-4579,CWE-119,0.95,2,0,1,0,0,[['CWE-664']]
CVE-2013-0852,CWE-119,0.95,2,0,0,0,0,[['CWE-664']]
CVE-2012-2788,CWE-Other,0.95,0,0,0,0,2,[['Unknown']]
CVE-2022-1921,CWE-190,0.75,3,1,1,0,1,[['CWE-682']]
CVE-2016-7951,"CWE-190, CWE-284, CWE-20, CWE-125",0.9,2,0,1,0,0,"[['CWE-682'], ['CWE-284'], ['CWE-707'], ['CWE-664']]"
CVE-2016-7942,"CWE-787, CWE-264",0.9,0,1,0,0,3,"[['CWE-664'], ['Unknown']]"
CVE-2019-10872,CWE-125,1.0,4,0,4,0,3,[['CWE-664']]
CVE-2016-9445,"CWE-190, CWE-665",0.95,0,0,0,0,0,"[['CWE-682'], ['CWE-664']]"
CVE-2018-21009,CWE-190,0.95,7,5,0,0,0,[['CWE-682']]
CVE-2023-3138,CWE-787,0.75,6,0,1,0,0,[['CWE-664']]
CVE-2022-3550,CWE-119,0.95,1,1,1,0,1,[['CWE-664']]
CVE-2022-37052,CWE-617,0.75,0,3,8,0,0,[['CWE-691']]
CVE-2017-10971,CWE-119,0.75,5,4,0,0,1,[['CWE-664']]
CVE-2017-13722,CWE-125,0.95,1,0,0,0,0,[['CWE-664']]
CVE-2023-6377,CWE-125,0.85,3,1,1,0,0,[['CWE-664']]
CVE-2014-3477,CWE-Other,0.85,0,5,0,0,0,[['Unknown']]
CVE-2022-1922,"CWE-787, CWE-190",0.85,1,2,1,0,0,"[['CWE-664'], ['CWE-682']]"
CVE-2009-3604,"CWE-399, CWE-189",0.95,7,0,0,0,4,"[['Unknown'], ['Unknown']]"
CVE-2009-0386,CWE-119,0.75,2,0,0,0,0,[['CWE-664']]
CVE-2023-6478,CWE-190,0.95,2,0,0,0,1,[['CWE-682']]
